Unico;Novedad 2020;Novedad 2021
;;
06-000405-5;22;22
06-002731-3;22;22
06-002129-2;22;22
06-006111-2;22;22
06-004030-2;22;22
06-000577-9;26v;26v
06-002640-2;22;22
13-003834-6;22;22
15-006222-2;22;22
15-004196-8;22;22
15-005792-0;22;22
16-005345-5;22;22
30-898427-2;26v;26v
30-026127-9;22;22
30-898430-3;22;22
30-005153-1;22;22
30-005614-3;22;22
30-005944-9;22;22
30-898431-4;22;22
30-006518-7;22;22
30-005165-3;22;22
30-898436-0;22;22
30-005941-6;22;22
30-898438-6;22;22
30-898442-2;22;22
30-898450-6;22;22
30-026001-7;22;22
61-002998-0;22;22
61-003030-2;26v;26v
61-003051-3;22;22
61-003064-6;22;22
